Corner,Process,Environment,AVDD_V,Temperature_C,Parameter,Unit,Value
NOMNOMNOM,NOM,NOMNOM,3.3,27,AVDD,V,3.300
NOMNOMNOM,NOM,NOMNOM,3.3,27,Temperature,C,27.000
NOMNOMNOM,NOM,NOMNOM,3.3,27,LPF target gain,V/V,1.000
NOMNOMNOM,NOM,NOMNOM,3.3,27,FDC bias current,uA,40.092
NOMNOMNOM,NOM,NOMNOM,3.3,27,CMFB bias current,uA,40.092
NOMNOMNOM,NOM,NOMNOM,3.3,27,Total current,mA,1.604
NOMNOMNOM,NOM,NOMNOM,3.3,27,Total power,mW,5.293
NOMNOMNOM,NOM,NOMNOM,3.3,27,Output CM error,mV,0.395
NOMNOMNOM,NOM,NOMNOM,3.3,27,LPF input offset,mV,0.000
NOMNOMNOM,NOM,NOMNOM,3.3,27,Passband gain,V/V,1.000
NOMNOMNOM,NOM,NOMNOM,3.3,27,Passband gain error,%,-0.027
NOMNOMNOM,NOM,NOMNOM,3.3,27,Loss @ 150 Hz,dB,0.361
NOMNOMNOM,NOM,NOMNOM,3.3,27,LPF -1 dB frequency,Hz,258.691
NOMNOMNOM,NOM,NOMNOM,3.3,27,LPF -3 dB frequency,Hz,506.912
NOMNOMNOM,NOM,NOMNOM,3.3,27,CMRR @ 60 Hz,dB,245.253
NOMNOMNOM,NOM,NOMNOM,3.3,27,CMRR @ 150 Hz,dB,245.225
NOMNOMNOM,NOM,NOMNOM,3.3,27,PSRR+ @ 60 Hz,dB,191.538
NOMNOMNOM,NOM,NOMNOM,3.3,27,PSRR+ @ 150 Hz,dB,257.637
NOMNOMNOM,NOM,NOMNOM,3.3,27,PSRR- @ 60 Hz,dB,234.605
NOMNOMNOM,NOM,NOMNOM,3.3,27,PSRR- @ 150 Hz,dB,236.558
NOMNOMNOM,NOM,NOMNOM,3.3,27,Input-referred noise 0.05-150 Hz,uVrms,6.176
NOMVLNOM,NOM,VLNOM,3,27,AVDD,V,3.000
NOMVLNOM,NOM,VLNOM,3,27,Temperature,C,27.000
NOMVLNOM,NOM,VLNOM,3,27,LPF target gain,V/V,1.000
NOMVLNOM,NOM,VLNOM,3,27,FDC bias current,uA,39.479
NOMVLNOM,NOM,VLNOM,3,27,CMFB bias current,uA,39.479
NOMVLNOM,NOM,VLNOM,3,27,Total current,mA,1.568
NOMVLNOM,NOM,VLNOM,3,27,Total power,mW,4.703
NOMVLNOM,NOM,VLNOM,3,27,Output CM error,mV,0.365
NOMVLNOM,NOM,VLNOM,3,27,LPF input offset,mV,0.000
NOMVLNOM,NOM,VLNOM,3,27,Passband gain,V/V,1.000
NOMVLNOM,NOM,VLNOM,3,27,Passband gain error,%,-0.027
NOMVLNOM,NOM,VLNOM,3,27,Loss @ 150 Hz,dB,0.361
NOMVLNOM,NOM,VLNOM,3,27,LPF -1 dB frequency,Hz,258.691
NOMVLNOM,NOM,VLNOM,3,27,LPF -3 dB frequency,Hz,506.913
NOMVLNOM,NOM,VLNOM,3,27,CMRR @ 60 Hz,dB,246.290
NOMVLNOM,NOM,VLNOM,3,27,CMRR @ 150 Hz,dB,246.266
NOMVLNOM,NOM,VLNOM,3,27,PSRR+ @ 60 Hz,dB,191.457
NOMVLNOM,NOM,VLNOM,3,27,PSRR+ @ 150 Hz,dB,240.823
NOMVLNOM,NOM,VLNOM,3,27,PSRR- @ 60 Hz,dB,228.572
NOMVLNOM,NOM,VLNOM,3,27,PSRR- @ 150 Hz,dB,233.752
NOMVLNOM,NOM,VLNOM,3,27,Input-referred noise 0.05-150 Hz,uVrms,6.164
NOMVHNOM,NOM,VHNOM,3.6,27,AVDD,V,3.600
NOMVHNOM,NOM,VHNOM,3.6,27,Temperature,C,27.000
NOMVHNOM,NOM,VHNOM,3.6,27,LPF target gain,V/V,1.000
NOMVHNOM,NOM,VHNOM,3.6,27,FDC bias current,uA,40.525
NOMVHNOM,NOM,VHNOM,3.6,27,CMFB bias current,uA,40.525
NOMVHNOM,NOM,VHNOM,3.6,27,Total current,mA,1.633
NOMVHNOM,NOM,VHNOM,3.6,27,Total power,mW,5.878
NOMVHNOM,NOM,VHNOM,3.6,27,Output CM error,mV,0.415
NOMVHNOM,NOM,VHNOM,3.6,27,LPF input offset,mV,-0.000
NOMVHNOM,NOM,VHNOM,3.6,27,Passband gain,V/V,1.000
NOMVHNOM,NOM,VHNOM,3.6,27,Passband gain error,%,-0.026
NOMVHNOM,NOM,VHNOM,3.6,27,Loss @ 150 Hz,dB,0.361
NOMVHNOM,NOM,VHNOM,3.6,27,LPF -1 dB frequency,Hz,258.690
NOMVHNOM,NOM,VHNOM,3.6,27,LPF -3 dB frequency,Hz,506.912
NOMVHNOM,NOM,VHNOM,3.6,27,CMRR @ 60 Hz,dB,244.236
NOMVHNOM,NOM,VHNOM,3.6,27,CMRR @ 150 Hz,dB,244.200
NOMVHNOM,NOM,VHNOM,3.6,27,PSRR+ @ 60 Hz,dB,191.625
NOMVHNOM,NOM,VHNOM,3.6,27,PSRR+ @ 150 Hz,dB,254.961
NOMVHNOM,NOM,VHNOM,3.6,27,PSRR- @ 60 Hz,dB,236.436
NOMVHNOM,NOM,VHNOM,3.6,27,PSRR- @ 150 Hz,dB,237.079
NOMVHNOM,NOM,VHNOM,3.6,27,Input-referred noise 0.05-150 Hz,uVrms,6.187
NOMNOMTL,NOM,NOMTL,3.3,-40,AVDD,V,3.300
NOMNOMTL,NOM,NOMTL,3.3,-40,Temperature,C,-40.000
NOMNOMTL,NOM,NOMTL,3.3,-40,LPF target gain,V/V,1.000
NOMNOMTL,NOM,NOMTL,3.3,-40,FDC bias current,uA,35.435
NOMNOMTL,NOM,NOMTL,3.3,-40,CMFB bias current,uA,35.435
NOMNOMTL,NOM,NOMTL,3.3,-40,Total current,mA,1.302
NOMNOMTL,NOM,NOMTL,3.3,-40,Total power,mW,4.296
NOMNOMTL,NOM,NOMTL,3.3,-40,Output CM error,mV,-6.740
NOMNOMTL,NOM,NOMTL,3.3,-40,LPF input offset,mV,0.000
NOMNOMTL,NOM,NOMTL,3.3,-40,Passband gain,V/V,1.000
NOMNOMTL,NOM,NOMTL,3.3,-40,Passband gain error,%,-0.032
NOMNOMTL,NOM,NOMTL,3.3,-40,Loss @ 150 Hz,dB,0.454
NOMNOMTL,NOM,NOMTL,3.3,-40,LPF -1 dB frequency,Hz,229.654
NOMNOMTL,NOM,NOMTL,3.3,-40,LPF -3 dB frequency,Hz,449.936
NOMNOMTL,NOM,NOMTL,3.3,-40,CMRR @ 60 Hz,dB,222.335
NOMNOMTL,NOM,NOMTL,3.3,-40,CMRR @ 150 Hz,dB,224.269
NOMNOMTL,NOM,NOMTL,3.3,-40,PSRR+ @ 60 Hz,dB,233.076
NOMNOMTL,NOM,NOMTL,3.3,-40,PSRR+ @ 150 Hz,dB,191.733
NOMNOMTL,NOM,NOMTL,3.3,-40,PSRR- @ 60 Hz,dB,213.278
NOMNOMTL,NOM,NOMTL,3.3,-40,PSRR- @ 150 Hz,dB,214.256
NOMNOMTL,NOM,NOMTL,3.3,-40,Input-referred noise 0.05-150 Hz,uVrms,5.895
NOMNOMTH,NOM,NOMTH,3.3,125,AVDD,V,3.300
NOMNOMTH,NOM,NOMTH,3.3,125,Temperature,C,125.000
NOMNOMTH,NOM,NOMTH,3.3,125,LPF target gain,V/V,1.000
NOMNOMTH,NOM,NOMTH,3.3,125,FDC bias current,uA,43.278
NOMNOMTH,NOM,NOMTH,3.3,125,CMFB bias current,uA,43.278
NOMNOMTH,NOM,NOMTH,3.3,125,Total current,mA,1.861
NOMNOMTH,NOM,NOMTH,3.3,125,Total power,mW,6.143
NOMNOMTH,NOM,NOMTH,3.3,125,Output CM error,mV,10.550
NOMNOMTH,NOM,NOMTH,3.3,125,LPF input offset,mV,0.000
NOMNOMTH,NOM,NOMTH,3.3,125,Passband gain,V/V,1.000
NOMNOMTH,NOM,NOMTH,3.3,125,Passband gain error,%,-0.023
NOMNOMTH,NOM,NOMTH,3.3,125,Loss @ 150 Hz,dB,0.279
NOMNOMTH,NOM,NOMTH,3.3,125,LPF -1 dB frequency,Hz,295.879
NOMNOMTH,NOM,NOMTH,3.3,125,LPF -3 dB frequency,Hz,579.847
NOMNOMTH,NOM,NOMTH,3.3,125,CMRR @ 60 Hz,dB,245.124
NOMNOMTH,NOM,NOMTH,3.3,125,CMRR @ 150 Hz,dB,245.163
NOMNOMTH,NOM,NOMTH,3.3,125,PSRR+ @ 60 Hz,dB,252.607
NOMNOMTH,NOM,NOMTH,3.3,125,PSRR+ @ 150 Hz,dB,190.298
NOMNOMTH,NOM,NOMTH,3.3,125,PSRR- @ 60 Hz,dB,238.788
NOMNOMTH,NOM,NOMTH,3.3,125,PSRR- @ 150 Hz,dB,236.197
NOMNOMTH,NOM,NOMTH,3.3,125,Input-referred noise 0.05-150 Hz,uVrms,6.715
NOMVLTL,NOM,VLTL,3,-40,AVDD,V,3.000
NOMVLTL,NOM,VLTL,3,-40,Temperature,C,-40.000
NOMVLTL,NOM,VLTL,3,-40,LPF target gain,V/V,1.000
NOMVLTL,NOM,VLTL,3,-40,FDC bias current,uA,34.875
NOMVLTL,NOM,VLTL,3,-40,CMFB bias current,uA,34.875
NOMVLTL,NOM,VLTL,3,-40,Total current,mA,1.269
NOMVLTL,NOM,VLTL,3,-40,Total power,mW,3.808
NOMVLTL,NOM,VLTL,3,-40,Output CM error,mV,-6.777
NOMVLTL,NOM,VLTL,3,-40,LPF input offset,mV,0.000
NOMVLTL,NOM,VLTL,3,-40,Passband gain,V/V,1.000
NOMVLTL,NOM,VLTL,3,-40,Passband gain error,%,-0.032
NOMVLTL,NOM,VLTL,3,-40,Loss @ 150 Hz,dB,0.454
NOMVLTL,NOM,VLTL,3,-40,LPF -1 dB frequency,Hz,229.654
NOMVLTL,NOM,VLTL,3,-40,LPF -3 dB frequency,Hz,449.937
NOMVLTL,NOM,VLTL,3,-40,CMRR @ 60 Hz,dB,222.128
NOMVLTL,NOM,VLTL,3,-40,CMRR @ 150 Hz,dB,224.101
NOMVLTL,NOM,VLTL,3,-40,PSRR+ @ 60 Hz,dB,221.831
NOMVLTL,NOM,VLTL,3,-40,PSRR+ @ 150 Hz,dB,191.972
NOMVLTL,NOM,VLTL,3,-40,PSRR- @ 60 Hz,dB,211.524
NOMVLTL,NOM,VLTL,3,-40,PSRR- @ 150 Hz,dB,210.701
NOMVLTL,NOM,VLTL,3,-40,Input-referred noise 0.05-150 Hz,uVrms,5.875
NOMVLTH,NOM,VLTH,3,125,AVDD,V,3.000
NOMVLTH,NOM,VLTH,3,125,Temperature,C,125.000
NOMVLTH,NOM,VLTH,3,125,LPF target gain,V/V,1.000
NOMVLTH,NOM,VLTH,3,125,FDC bias current,uA,42.690
NOMVLTH,NOM,VLTH,3,125,CMFB bias current,uA,42.690
NOMVLTH,NOM,VLTH,3,125,Total current,mA,1.825
NOMVLTH,NOM,VLTH,3,125,Total power,mW,5.475
NOMVLTH,NOM,VLTH,3,125,Output CM error,mV,10.519
NOMVLTH,NOM,VLTH,3,125,LPF input offset,mV,0.000
NOMVLTH,NOM,VLTH,3,125,Passband gain,V/V,1.000
NOMVLTH,NOM,VLTH,3,125,Passband gain error,%,-0.024
NOMVLTH,NOM,VLTH,3,125,Loss @ 150 Hz,dB,0.279
NOMVLTH,NOM,VLTH,3,125,LPF -1 dB frequency,Hz,295.880
NOMVLTH,NOM,VLTH,3,125,LPF -3 dB frequency,Hz,579.848
NOMVLTH,NOM,VLTH,3,125,CMRR @ 60 Hz,dB,218.796
NOMVLTH,NOM,VLTH,3,125,CMRR @ 150 Hz,dB,218.790
NOMVLTH,NOM,VLTH,3,125,PSRR+ @ 60 Hz,dB,213.603
NOMVLTH,NOM,VLTH,3,125,PSRR+ @ 150 Hz,dB,189.628
NOMVLTH,NOM,VLTH,3,125,PSRR- @ 60 Hz,dB,208.236
NOMVLTH,NOM,VLTH,3,125,PSRR- @ 150 Hz,dB,208.649
NOMVLTH,NOM,VLTH,3,125,Input-referred noise 0.05-150 Hz,uVrms,6.711
NOMVHTL,NOM,VHTL,3.6,-40,AVDD,V,3.600
NOMVHTL,NOM,VHTL,3.6,-40,Temperature,C,-40.000
NOMVHTL,NOM,VHTL,3.6,-40,LPF target gain,V/V,1.000
NOMVHTL,NOM,VHTL,3.6,-40,FDC bias current,uA,35.849
NOMVHTL,NOM,VHTL,3.6,-40,CMFB bias current,uA,35.849
NOMVHTL,NOM,VHTL,3.6,-40,Total current,mA,1.329
NOMVHTL,NOM,VHTL,3.6,-40,Total power,mW,4.784
NOMVHTL,NOM,VHTL,3.6,-40,Output CM error,mV,-6.709
NOMVHTL,NOM,VHTL,3.6,-40,LPF input offset,mV,0.000
NOMVHTL,NOM,VHTL,3.6,-40,Passband gain,V/V,1.000
NOMVHTL,NOM,VHTL,3.6,-40,Passband gain error,%,-0.031
NOMVHTL,NOM,VHTL,3.6,-40,Loss @ 150 Hz,dB,0.454
NOMVHTL,NOM,VHTL,3.6,-40,LPF -1 dB frequency,Hz,229.653
NOMVHTL,NOM,VHTL,3.6,-40,LPF -3 dB frequency,Hz,449.936
NOMVHTL,NOM,VHTL,3.6,-40,CMRR @ 60 Hz,dB,224.947
NOMVHTL,NOM,VHTL,3.6,-40,CMRR @ 150 Hz,dB,224.511
NOMVHTL,NOM,VHTL,3.6,-40,PSRR+ @ 60 Hz,dB,224.460
NOMVHTL,NOM,VHTL,3.6,-40,PSRR+ @ 150 Hz,dB,191.703
NOMVHTL,NOM,VHTL,3.6,-40,PSRR- @ 60 Hz,dB,219.466
NOMVHTL,NOM,VHTL,3.6,-40,PSRR- @ 150 Hz,dB,215.367
NOMVHTL,NOM,VHTL,3.6,-40,Input-referred noise 0.05-150 Hz,uVrms,5.913
NOMVHTH,NOM,VHTH,3.6,125,AVDD,V,3.600
NOMVHTH,NOM,VHTH,3.6,125,Temperature,C,125.000
NOMVHTH,NOM,VHTH,3.6,125,LPF target gain,V/V,1.000
NOMVHTH,NOM,VHTH,3.6,125,FDC bias current,uA,43.685
NOMVHTH,NOM,VHTH,3.6,125,CMFB bias current,uA,43.685
NOMVHTH,NOM,VHTH,3.6,125,Total current,mA,1.890
NOMVHTH,NOM,VHTH,3.6,125,Total power,mW,6.802
NOMVHTH,NOM,VHTH,3.6,125,Output CM error,mV,10.568
NOMVHTH,NOM,VHTH,3.6,125,LPF input offset,mV,0.000
NOMVHTH,NOM,VHTH,3.6,125,Passband gain,V/V,1.000
NOMVHTH,NOM,VHTH,3.6,125,Passband gain error,%,-0.023
NOMVHTH,NOM,VHTH,3.6,125,Loss @ 150 Hz,dB,0.279
NOMVHTH,NOM,VHTH,3.6,125,LPF -1 dB frequency,Hz,295.879
NOMVHTH,NOM,VHTH,3.6,125,LPF -3 dB frequency,Hz,579.847
NOMVHTH,NOM,VHTH,3.6,125,CMRR @ 60 Hz,dB,244.182
NOMVHTH,NOM,VHTH,3.6,125,CMRR @ 150 Hz,dB,244.223
NOMVHTH,NOM,VHTH,3.6,125,PSRR+ @ 60 Hz,dB,280.135
NOMVHTH,NOM,VHTH,3.6,125,PSRR+ @ 150 Hz,dB,190.383
NOMVHTH,NOM,VHTH,3.6,125,PSRR- @ 60 Hz,dB,239.345
NOMVHTH,NOM,VHTH,3.6,125,PSRR- @ 150 Hz,dB,239.335
NOMVHTH,NOM,VHTH,3.6,125,Input-referred noise 0.05-150 Hz,uVrms,6.719
FFNOMNOM,FF,NOMNOM,3.3,27,AVDD,V,3.300
FFNOMNOM,FF,NOMNOM,3.3,27,Temperature,C,27.000
FFNOMNOM,FF,NOMNOM,3.3,27,LPF target gain,V/V,1.000
FFNOMNOM,FF,NOMNOM,3.3,27,FDC bias current,uA,45.286
FFNOMNOM,FF,NOMNOM,3.3,27,CMFB bias current,uA,45.286
FFNOMNOM,FF,NOMNOM,3.3,27,Total current,mA,1.857
FFNOMNOM,FF,NOMNOM,3.3,27,Total power,mW,6.129
FFNOMNOM,FF,NOMNOM,3.3,27,Output CM error,mV,-1.841
FFNOMNOM,FF,NOMNOM,3.3,27,LPF input offset,mV,0.000
FFNOMNOM,FF,NOMNOM,3.3,27,Passband gain,V/V,1.000
FFNOMNOM,FF,NOMNOM,3.3,27,Passband gain error,%,-0.018
FFNOMNOM,FF,NOMNOM,3.3,27,Loss @ 150 Hz,dB,0.191
FFNOMNOM,FF,NOMNOM,3.3,27,LPF -1 dB frequency,Hz,359.135
FFNOMNOM,FF,NOMNOM,3.3,27,LPF -3 dB frequency,Hz,703.898
FFNOMNOM,FF,NOMNOM,3.3,27,CMRR @ 60 Hz,dB,224.162
FFNOMNOM,FF,NOMNOM,3.3,27,CMRR @ 150 Hz,dB,224.157
FFNOMNOM,FF,NOMNOM,3.3,27,PSRR+ @ 60 Hz,dB,192.668
FFNOMNOM,FF,NOMNOM,3.3,27,PSRR+ @ 150 Hz,dB,192.627
FFNOMNOM,FF,NOMNOM,3.3,27,PSRR- @ 60 Hz,dB,215.375
FFNOMNOM,FF,NOMNOM,3.3,27,PSRR- @ 150 Hz,dB,215.346
FFNOMNOM,FF,NOMNOM,3.3,27,Input-referred noise 0.05-150 Hz,uVrms,5.903
FFVLNOM,FF,VLNOM,3,27,AVDD,V,3.000
FFVLNOM,FF,VLNOM,3,27,Temperature,C,27.000
FFVLNOM,FF,VLNOM,3,27,LPF target gain,V/V,1.000
FFVLNOM,FF,VLNOM,3,27,FDC bias current,uA,44.681
FFVLNOM,FF,VLNOM,3,27,CMFB bias current,uA,44.681
FFVLNOM,FF,VLNOM,3,27,Total current,mA,1.819
FFVLNOM,FF,VLNOM,3,27,Total power,mW,5.457
FFVLNOM,FF,VLNOM,3,27,Output CM error,mV,-1.878
FFVLNOM,FF,VLNOM,3,27,LPF input offset,mV,0.000
FFVLNOM,FF,VLNOM,3,27,Passband gain,V/V,1.000
FFVLNOM,FF,VLNOM,3,27,Passband gain error,%,-0.018
FFVLNOM,FF,VLNOM,3,27,Loss @ 150 Hz,dB,0.191
FFVLNOM,FF,VLNOM,3,27,LPF -1 dB frequency,Hz,359.136
FFVLNOM,FF,VLNOM,3,27,LPF -3 dB frequency,Hz,703.899
FFVLNOM,FF,VLNOM,3,27,CMRR @ 60 Hz,dB,224.370
FFVLNOM,FF,VLNOM,3,27,CMRR @ 150 Hz,dB,224.366
FFVLNOM,FF,VLNOM,3,27,PSRR+ @ 60 Hz,dB,192.820
FFVLNOM,FF,VLNOM,3,27,PSRR+ @ 150 Hz,dB,192.777
FFVLNOM,FF,VLNOM,3,27,PSRR- @ 60 Hz,dB,212.675
FFVLNOM,FF,VLNOM,3,27,PSRR- @ 150 Hz,dB,212.612
FFVLNOM,FF,VLNOM,3,27,Input-referred noise 0.05-150 Hz,uVrms,5.892
FFVHNOM,FF,VHNOM,3.6,27,AVDD,V,3.600
FFVHNOM,FF,VHNOM,3.6,27,Temperature,C,27.000
FFVHNOM,FF,VHNOM,3.6,27,LPF target gain,V/V,1.000
FFVHNOM,FF,VHNOM,3.6,27,FDC bias current,uA,45.750
FFVHNOM,FF,VHNOM,3.6,27,CMFB bias current,uA,45.750
FFVHNOM,FF,VHNOM,3.6,27,Total current,mA,1.889
FFVHNOM,FF,VHNOM,3.6,27,Total power,mW,6.802
FFVHNOM,FF,VHNOM,3.6,27,Output CM error,mV,-1.815
FFVHNOM,FF,VHNOM,3.6,27,LPF input offset,mV,0.000
FFVHNOM,FF,VHNOM,3.6,27,Passband gain,V/V,1.000
FFVHNOM,FF,VHNOM,3.6,27,Passband gain error,%,-0.017
FFVHNOM,FF,VHNOM,3.6,27,Loss @ 150 Hz,dB,0.191
FFVHNOM,FF,VHNOM,3.6,27,LPF -1 dB frequency,Hz,359.135
FFVHNOM,FF,VHNOM,3.6,27,LPF -3 dB frequency,Hz,703.898
FFVHNOM,FF,VHNOM,3.6,27,CMRR @ 60 Hz,dB,223.974
FFVHNOM,FF,VHNOM,3.6,27,CMRR @ 150 Hz,dB,223.970
FFVHNOM,FF,VHNOM,3.6,27,PSRR+ @ 60 Hz,dB,192.656
FFVHNOM,FF,VHNOM,3.6,27,PSRR+ @ 150 Hz,dB,192.614
FFVHNOM,FF,VHNOM,3.6,27,PSRR- @ 60 Hz,dB,216.268
FFVHNOM,FF,VHNOM,3.6,27,PSRR- @ 150 Hz,dB,216.280
FFVHNOM,FF,VHNOM,3.6,27,Input-referred noise 0.05-150 Hz,uVrms,5.913
FFNOMTL,FF,NOMTL,3.3,-40,AVDD,V,3.300
FFNOMTL,FF,NOMTL,3.3,-40,Temperature,C,-40.000
FFNOMTL,FF,NOMTL,3.3,-40,LPF target gain,V/V,1.000
FFNOMTL,FF,NOMTL,3.3,-40,FDC bias current,uA,39.992
FFNOMTL,FF,NOMTL,3.3,-40,CMFB bias current,uA,39.992
FFNOMTL,FF,NOMTL,3.3,-40,Total current,mA,1.509
FFNOMTL,FF,NOMTL,3.3,-40,Total power,mW,4.980
FFNOMTL,FF,NOMTL,3.3,-40,Output CM error,mV,-9.077
FFNOMTL,FF,NOMTL,3.3,-40,LPF input offset,mV,-0.000
FFNOMTL,FF,NOMTL,3.3,-40,Passband gain,V/V,1.000
FFNOMTL,FF,NOMTL,3.3,-40,Passband gain error,%,-0.020
FFNOMTL,FF,NOMTL,3.3,-40,Loss @ 150 Hz,dB,0.241
FFNOMTL,FF,NOMTL,3.3,-40,LPF -1 dB frequency,Hz,318.777
FFNOMTL,FF,NOMTL,3.3,-40,LPF -3 dB frequency,Hz,624.764
FFNOMTL,FF,NOMTL,3.3,-40,CMRR @ 60 Hz,dB,236.543
FFNOMTL,FF,NOMTL,3.3,-40,CMRR @ 150 Hz,dB,242.874
FFNOMTL,FF,NOMTL,3.3,-40,PSRR+ @ 60 Hz,dB,276.150
FFNOMTL,FF,NOMTL,3.3,-40,PSRR+ @ 150 Hz,dB,264.238
FFNOMTL,FF,NOMTL,3.3,-40,PSRR- @ 60 Hz,dB,242.847
FFNOMTL,FF,NOMTL,3.3,-40,PSRR- @ 150 Hz,dB,235.567
FFNOMTL,FF,NOMTL,3.3,-40,Input-referred noise 0.05-150 Hz,uVrms,5.650
FFNOMTH,FF,NOMTH,3.3,125,AVDD,V,3.300
FFNOMTH,FF,NOMTH,3.3,125,Temperature,C,125.000
FFNOMTH,FF,NOMTH,3.3,125,LPF target gain,V/V,1.000
FFNOMTH,FF,NOMTH,3.3,125,FDC bias current,uA,49.141
FFNOMTH,FF,NOMTH,3.3,125,CMFB bias current,uA,49.141
FFNOMTH,FF,NOMTH,3.3,125,Total current,mA,2.163
FFNOMTH,FF,NOMTH,3.3,125,Total power,mW,7.137
FFNOMTH,FF,NOMTH,3.3,125,Output CM error,mV,8.587
FFNOMTH,FF,NOMTH,3.3,125,LPF input offset,mV,0.000
FFNOMTH,FF,NOMTH,3.3,125,Passband gain,V/V,1.000
FFNOMTH,FF,NOMTH,3.3,125,Passband gain error,%,-0.016
FFNOMTH,FF,NOMTH,3.3,125,Loss @ 150 Hz,dB,0.147
FFNOMTH,FF,NOMTH,3.3,125,LPF -1 dB frequency,Hz,410.798
FFNOMTH,FF,NOMTH,3.3,125,LPF -3 dB frequency,Hz,805.228
FFNOMTH,FF,NOMTH,3.3,125,CMRR @ 60 Hz,dB,246.848
FFNOMTH,FF,NOMTH,3.3,125,CMRR @ 150 Hz,dB,246.839
FFNOMTH,FF,NOMTH,3.3,125,PSRR+ @ 60 Hz,dB,191.527
FFNOMTH,FF,NOMTH,3.3,125,PSRR+ @ 150 Hz,dB,191.495
FFNOMTH,FF,NOMTH,3.3,125,PSRR- @ 60 Hz,dB,238.470
FFNOMTH,FF,NOMTH,3.3,125,PSRR- @ 150 Hz,dB,238.487
FFNOMTH,FF,NOMTH,3.3,125,Input-referred noise 0.05-150 Hz,uVrms,6.403
FFVLTL,FF,VLTL,3,-40,AVDD,V,3.000
FFVLTL,FF,VLTL,3,-40,Temperature,C,-40.000
FFVLTL,FF,VLTL,3,-40,LPF target gain,V/V,1.000
FFVLTL,FF,VLTL,3,-40,FDC bias current,uA,39.433
FFVLTL,FF,VLTL,3,-40,CMFB bias current,uA,39.433
FFVLTL,FF,VLTL,3,-40,Total current,mA,1.474
FFVLTL,FF,VLTL,3,-40,Total power,mW,4.423
FFVLTL,FF,VLTL,3,-40,Output CM error,mV,-9.122
FFVLTL,FF,VLTL,3,-40,LPF input offset,mV,-0.000
FFVLTL,FF,VLTL,3,-40,Passband gain,V/V,1.000
FFVLTL,FF,VLTL,3,-40,Passband gain error,%,-0.020
FFVLTL,FF,VLTL,3,-40,Loss @ 150 Hz,dB,0.241
FFVLTL,FF,VLTL,3,-40,LPF -1 dB frequency,Hz,318.777
FFVLTL,FF,VLTL,3,-40,LPF -3 dB frequency,Hz,624.764
FFVLTL,FF,VLTL,3,-40,CMRR @ 60 Hz,dB,236.369
FFVLTL,FF,VLTL,3,-40,CMRR @ 150 Hz,dB,235.706
FFVLTL,FF,VLTL,3,-40,PSRR+ @ 60 Hz,dB,279.239
FFVLTL,FF,VLTL,3,-40,PSRR+ @ 150 Hz,dB,273.758
FFVLTL,FF,VLTL,3,-40,PSRR- @ 60 Hz,dB,241.741
FFVLTL,FF,VLTL,3,-40,PSRR- @ 150 Hz,dB,234.709
FFVLTL,FF,VLTL,3,-40,Input-referred noise 0.05-150 Hz,uVrms,5.632
FFVLTH,FF,VLTH,3,125,AVDD,V,3.000
FFVLTH,FF,VLTH,3,125,Temperature,C,125.000
FFVLTH,FF,VLTH,3,125,LPF target gain,V/V,1.000
FFVLTH,FF,VLTH,3,125,FDC bias current,uA,48.552
FFVLTH,FF,VLTH,3,125,CMFB bias current,uA,48.552
FFVLTH,FF,VLTH,3,125,Total current,mA,2.124
FFVLTH,FF,VLTH,3,125,Total power,mW,6.373
FFVLTH,FF,VLTH,3,125,Output CM error,mV,8.547
FFVLTH,FF,VLTH,3,125,LPF input offset,mV,-0.000
FFVLTH,FF,VLTH,3,125,Passband gain,V/V,1.000
FFVLTH,FF,VLTH,3,125,Passband gain error,%,-0.017
FFVLTH,FF,VLTH,3,125,Loss @ 150 Hz,dB,0.147
FFVLTH,FF,VLTH,3,125,LPF -1 dB frequency,Hz,410.798
FFVLTH,FF,VLTH,3,125,LPF -3 dB frequency,Hz,805.229
FFVLTH,FF,VLTH,3,125,CMRR @ 60 Hz,dB,248.086
FFVLTH,FF,VLTH,3,125,CMRR @ 150 Hz,dB,248.089
FFVLTH,FF,VLTH,3,125,PSRR+ @ 60 Hz,dB,191.446
FFVLTH,FF,VLTH,3,125,PSRR+ @ 150 Hz,dB,191.413
FFVLTH,FF,VLTH,3,125,PSRR- @ 60 Hz,dB,232.640
FFVLTH,FF,VLTH,3,125,PSRR- @ 150 Hz,dB,232.706
FFVLTH,FF,VLTH,3,125,Input-referred noise 0.05-150 Hz,uVrms,6.399
FFVHTL,FF,VHTL,3.6,-40,AVDD,V,3.600
FFVHTL,FF,VHTL,3.6,-40,Temperature,C,-40.000
FFVHTL,FF,VHTL,3.6,-40,LPF target gain,V/V,1.000
FFVHTL,FF,VHTL,3.6,-40,FDC bias current,uA,40.436
FFVHTL,FF,VHTL,3.6,-40,CMFB bias current,uA,40.436
FFVHTL,FF,VHTL,3.6,-40,Total current,mA,1.539
FFVHTL,FF,VHTL,3.6,-40,Total power,mW,5.541
FFVHTL,FF,VHTL,3.6,-40,Output CM error,mV,-9.038
FFVHTL,FF,VHTL,3.6,-40,LPF input offset,mV,-0.000
FFVHTL,FF,VHTL,3.6,-40,Passband gain,V/V,1.000
FFVHTL,FF,VHTL,3.6,-40,Passband gain error,%,-0.020
FFVHTL,FF,VHTL,3.6,-40,Loss @ 150 Hz,dB,0.241
FFVHTL,FF,VHTL,3.6,-40,LPF -1 dB frequency,Hz,318.776
FFVHTL,FF,VHTL,3.6,-40,LPF -3 dB frequency,Hz,624.763
FFVHTL,FF,VHTL,3.6,-40,CMRR @ 60 Hz,dB,235.843
FFVHTL,FF,VHTL,3.6,-40,CMRR @ 150 Hz,dB,229.205
FFVHTL,FF,VHTL,3.6,-40,PSRR+ @ 60 Hz,dB,272.211
FFVHTL,FF,VHTL,3.6,-40,PSRR+ @ 150 Hz,dB,268.956
FFVHTL,FF,VHTL,3.6,-40,PSRR- @ 60 Hz,dB,237.012
FFVHTL,FF,VHTL,3.6,-40,PSRR- @ 150 Hz,dB,229.097
FFVHTL,FF,VHTL,3.6,-40,Input-referred noise 0.05-150 Hz,uVrms,5.666
FFVHTH,FF,VHTH,3.6,125,AVDD,V,3.600
FFVHTH,FF,VHTH,3.6,125,Temperature,C,125.000
FFVHTH,FF,VHTH,3.6,125,LPF target gain,V/V,1.000
FFVHTH,FF,VHTH,3.6,125,FDC bias current,uA,49.581
FFVHTH,FF,VHTH,3.6,125,CMFB bias current,uA,49.581
FFVHTH,FF,VHTH,3.6,125,Total current,mA,2.194
FFVHTH,FF,VHTH,3.6,125,Total power,mW,7.900
FFVHTH,FF,VHTH,3.6,125,Output CM error,mV,8.610
FFVHTH,FF,VHTH,3.6,125,LPF input offset,mV,0.000
FFVHTH,FF,VHTH,3.6,125,Passband gain,V/V,1.000
FFVHTH,FF,VHTH,3.6,125,Passband gain error,%,-0.016
FFVHTH,FF,VHTH,3.6,125,Loss @ 150 Hz,dB,0.147
FFVHTH,FF,VHTH,3.6,125,LPF -1 dB frequency,Hz,410.797
FFVHTH,FF,VHTH,3.6,125,LPF -3 dB frequency,Hz,805.227
FFVHTH,FF,VHTH,3.6,125,CMRR @ 60 Hz,dB,245.941
FFVHTH,FF,VHTH,3.6,125,CMRR @ 150 Hz,dB,245.934
FFVHTH,FF,VHTH,3.6,125,PSRR+ @ 60 Hz,dB,191.608
FFVHTH,FF,VHTH,3.6,125,PSRR+ @ 150 Hz,dB,191.575
FFVHTH,FF,VHTH,3.6,125,PSRR- @ 60 Hz,dB,240.930
FFVHTH,FF,VHTH,3.6,125,PSRR- @ 150 Hz,dB,240.811
FFVHTH,FF,VHTH,3.6,125,Input-referred noise 0.05-150 Hz,uVrms,6.408
SSNOMNOM,SS,NOMNOM,3.3,27,AVDD,V,3.300
SSNOMNOM,SS,NOMNOM,3.3,27,Temperature,C,27.000
SSNOMNOM,SS,NOMNOM,3.3,27,LPF target gain,V/V,1.000
SSNOMNOM,SS,NOMNOM,3.3,27,FDC bias current,uA,35.875
SSNOMNOM,SS,NOMNOM,3.3,27,CMFB bias current,uA,35.875
SSNOMNOM,SS,NOMNOM,3.3,27,Total current,mA,1.400
SSNOMNOM,SS,NOMNOM,3.3,27,Total power,mW,4.620
SSNOMNOM,SS,NOMNOM,3.3,27,Output CM error,mV,2.752
SSNOMNOM,SS,NOMNOM,3.3,27,LPF input offset,mV,0.000
SSNOMNOM,SS,NOMNOM,3.3,27,Passband gain,V/V,1.000
SSNOMNOM,SS,NOMNOM,3.3,27,Passband gain error,%,-0.041
SSNOMNOM,SS,NOMNOM,3.3,27,Loss @ 150 Hz,dB,0.611
SSNOMNOM,SS,NOMNOM,3.3,27,LPF -1 dB frequency,Hz,196.115
SSNOMNOM,SS,NOMNOM,3.3,27,LPF -3 dB frequency,Hz,384.135
SSNOMNOM,SS,NOMNOM,3.3,27,CMRR @ 60 Hz,dB,220.057
SSNOMNOM,SS,NOMNOM,3.3,27,CMRR @ 150 Hz,dB,220.675
SSNOMNOM,SS,NOMNOM,3.3,27,PSRR+ @ 60 Hz,dB,190.631
SSNOMNOM,SS,NOMNOM,3.3,27,PSRR+ @ 150 Hz,dB,190.492
SSNOMNOM,SS,NOMNOM,3.3,27,PSRR- @ 60 Hz,dB,212.133
SSNOMNOM,SS,NOMNOM,3.3,27,PSRR- @ 150 Hz,dB,210.355
SSNOMNOM,SS,NOMNOM,3.3,27,Input-referred noise 0.05-150 Hz,uVrms,6.452
SSVLNOM,SS,VLNOM,3,27,AVDD,V,3.000
SSVLNOM,SS,VLNOM,3,27,Temperature,C,27.000
SSVLNOM,SS,VLNOM,3,27,LPF target gain,V/V,1.000
SSVLNOM,SS,VLNOM,3,27,FDC bias current,uA,35.169
SSVLNOM,SS,VLNOM,3,27,CMFB bias current,uA,35.169
SSVLNOM,SS,VLNOM,3,27,Total current,mA,1.362
SSVLNOM,SS,VLNOM,3,27,Total power,mW,4.085
SSVLNOM,SS,VLNOM,3,27,Output CM error,mV,2.728
SSVLNOM,SS,VLNOM,3,27,LPF input offset,mV,0.000
SSVLNOM,SS,VLNOM,3,27,Passband gain,V/V,1.000
SSVLNOM,SS,VLNOM,3,27,Passband gain error,%,-0.042
SSVLNOM,SS,VLNOM,3,27,Loss @ 150 Hz,dB,0.611
SSVLNOM,SS,VLNOM,3,27,LPF -1 dB frequency,Hz,196.115
SSVLNOM,SS,VLNOM,3,27,LPF -3 dB frequency,Hz,384.135
SSVLNOM,SS,VLNOM,3,27,CMRR @ 60 Hz,dB,219.800
SSVLNOM,SS,VLNOM,3,27,CMRR @ 150 Hz,dB,218.582
SSVLNOM,SS,VLNOM,3,27,PSRR+ @ 60 Hz,dB,191.487
SSVLNOM,SS,VLNOM,3,27,PSRR+ @ 150 Hz,dB,191.347
SSVLNOM,SS,VLNOM,3,27,PSRR- @ 60 Hz,dB,204.439
SSVLNOM,SS,VLNOM,3,27,PSRR- @ 150 Hz,dB,204.885
SSVLNOM,SS,VLNOM,3,27,Input-referred noise 0.05-150 Hz,uVrms,6.439
SSVHNOM,SS,VHNOM,3.6,27,AVDD,V,3.600
SSVHNOM,SS,VHNOM,3.6,27,Temperature,C,27.000
SSVHNOM,SS,VHNOM,3.6,27,LPF target gain,V/V,1.000
SSVHNOM,SS,VHNOM,3.6,27,FDC bias current,uA,36.300
SSVHNOM,SS,VHNOM,3.6,27,CMFB bias current,uA,36.300
SSVHNOM,SS,VHNOM,3.6,27,Total current,mA,1.427
SSVHNOM,SS,VHNOM,3.6,27,Total power,mW,5.136
SSVHNOM,SS,VHNOM,3.6,27,Output CM error,mV,2.765
SSVHNOM,SS,VHNOM,3.6,27,LPF input offset,mV,0.000
SSVHNOM,SS,VHNOM,3.6,27,Passband gain,V/V,1.000
SSVHNOM,SS,VHNOM,3.6,27,Passband gain error,%,-0.041
SSVHNOM,SS,VHNOM,3.6,27,Loss @ 150 Hz,dB,0.611
SSVHNOM,SS,VHNOM,3.6,27,LPF -1 dB frequency,Hz,196.115
SSVHNOM,SS,VHNOM,3.6,27,LPF -3 dB frequency,Hz,384.134
SSVHNOM,SS,VHNOM,3.6,27,CMRR @ 60 Hz,dB,218.616
SSVHNOM,SS,VHNOM,3.6,27,CMRR @ 150 Hz,dB,221.157
SSVHNOM,SS,VHNOM,3.6,27,PSRR+ @ 60 Hz,dB,190.541
SSVHNOM,SS,VHNOM,3.6,27,PSRR+ @ 150 Hz,dB,190.401
SSVHNOM,SS,VHNOM,3.6,27,PSRR- @ 60 Hz,dB,213.764
SSVHNOM,SS,VHNOM,3.6,27,PSRR- @ 150 Hz,dB,213.904
SSVHNOM,SS,VHNOM,3.6,27,Input-referred noise 0.05-150 Hz,uVrms,6.464
SSNOMTL,SS,NOMTL,3.3,-40,AVDD,V,3.300
SSNOMTL,SS,NOMTL,3.3,-40,Temperature,C,-40.000
SSNOMTL,SS,NOMTL,3.3,-40,LPF target gain,V/V,1.000
SSNOMTL,SS,NOMTL,3.3,-40,FDC bias current,uA,31.734
SSNOMTL,SS,NOMTL,3.3,-40,CMFB bias current,uA,31.734
SSNOMTL,SS,NOMTL,3.3,-40,Total current,mA,1.136
SSNOMTL,SS,NOMTL,3.3,-40,Total power,mW,3.749
SSNOMTL,SS,NOMTL,3.3,-40,Output CM error,mV,-4.292
SSNOMTL,SS,NOMTL,3.3,-40,LPF input offset,mV,0.000
SSNOMTL,SS,NOMTL,3.3,-40,Passband gain,V/V,1.000
SSNOMTL,SS,NOMTL,3.3,-40,Passband gain error,%,-0.050
SSNOMTL,SS,NOMTL,3.3,-40,Loss @ 150 Hz,dB,0.762
SSNOMTL,SS,NOMTL,3.3,-40,LPF -1 dB frequency,Hz,174.135
SSNOMTL,SS,NOMTL,3.3,-40,LPF -3 dB frequency,Hz,340.986
SSNOMTL,SS,NOMTL,3.3,-40,CMRR @ 60 Hz,dB,225.152
SSNOMTL,SS,NOMTL,3.3,-40,CMRR @ 150 Hz,dB,221.576
SSNOMTL,SS,NOMTL,3.3,-40,PSRR+ @ 60 Hz,dB,252.034
SSNOMTL,SS,NOMTL,3.3,-40,PSRR+ @ 150 Hz,dB,252.012
SSNOMTL,SS,NOMTL,3.3,-40,PSRR- @ 60 Hz,dB,210.298
SSNOMTL,SS,NOMTL,3.3,-40,PSRR- @ 150 Hz,dB,211.944
SSNOMTL,SS,NOMTL,3.3,-40,Input-referred noise 0.05-150 Hz,uVrms,6.142
SSNOMTH,SS,NOMTH,3.3,125,AVDD,V,3.300
SSNOMTH,SS,NOMTH,3.3,125,Temperature,C,125.000
SSNOMTH,SS,NOMTH,3.3,125,LPF target gain,V/V,1.000
SSNOMTH,SS,NOMTH,3.3,125,FDC bias current,uA,38.549
SSNOMTH,SS,NOMTH,3.3,125,CMFB bias current,uA,38.549
SSNOMTH,SS,NOMTH,3.3,125,Total current,mA,1.619
SSNOMTH,SS,NOMTH,3.3,125,Total power,mW,5.343
SSNOMTH,SS,NOMTH,3.3,125,Output CM error,mV,12.650
SSNOMTH,SS,NOMTH,3.3,125,LPF input offset,mV,-0.000
SSNOMTH,SS,NOMTH,3.3,125,Passband gain,V/V,1.000
SSNOMTH,SS,NOMTH,3.3,125,Passband gain error,%,-0.034
SSNOMTH,SS,NOMTH,3.3,125,Loss @ 150 Hz,dB,0.475
SSNOMTH,SS,NOMTH,3.3,125,LPF -1 dB frequency,Hz,224.272
SSNOMTH,SS,NOMTH,3.3,125,LPF -3 dB frequency,Hz,439.376
SSNOMTH,SS,NOMTH,3.3,125,CMRR @ 60 Hz,dB,237.942
SSNOMTH,SS,NOMTH,3.3,125,CMRR @ 150 Hz,dB,242.049
SSNOMTH,SS,NOMTH,3.3,125,PSRR+ @ 60 Hz,dB,248.352
SSNOMTH,SS,NOMTH,3.3,125,PSRR+ @ 150 Hz,dB,189.174
SSNOMTH,SS,NOMTH,3.3,125,PSRR- @ 60 Hz,dB,236.719
SSNOMTH,SS,NOMTH,3.3,125,PSRR- @ 150 Hz,dB,231.132
SSNOMTH,SS,NOMTH,3.3,125,Input-referred noise 0.05-150 Hz,uVrms,7.032
SSVLTL,SS,VLTL,3,-40,AVDD,V,3.000
SSVLTL,SS,VLTL,3,-40,Temperature,C,-40.000
SSVLTL,SS,VLTL,3,-40,LPF target gain,V/V,1.000
SSVLTL,SS,VLTL,3,-40,FDC bias current,uA,31.110
SSVLTL,SS,VLTL,3,-40,CMFB bias current,uA,31.110
SSVLTL,SS,VLTL,3,-40,Total current,mA,1.103
SSVLTL,SS,VLTL,3,-40,Total power,mW,3.309
SSVLTL,SS,VLTL,3,-40,Output CM error,mV,-4.319
SSVLTL,SS,VLTL,3,-40,LPF input offset,mV,0.000
SSVLTL,SS,VLTL,3,-40,Passband gain,V/V,0.999
SSVLTL,SS,VLTL,3,-40,Passband gain error,%,-0.050
SSVLTL,SS,VLTL,3,-40,Loss @ 150 Hz,dB,0.762
SSVLTL,SS,VLTL,3,-40,LPF -1 dB frequency,Hz,174.135
SSVLTL,SS,VLTL,3,-40,LPF -3 dB frequency,Hz,340.987
SSVLTL,SS,VLTL,3,-40,CMRR @ 60 Hz,dB,221.568
SSVLTL,SS,VLTL,3,-40,CMRR @ 150 Hz,dB,223.058
SSVLTL,SS,VLTL,3,-40,PSRR+ @ 60 Hz,dB,212.262
SSVLTL,SS,VLTL,3,-40,PSRR+ @ 150 Hz,dB,212.084
SSVLTL,SS,VLTL,3,-40,PSRR- @ 60 Hz,dB,206.344
SSVLTL,SS,VLTL,3,-40,PSRR- @ 150 Hz,dB,206.131
SSVLTL,SS,VLTL,3,-40,Input-referred noise 0.05-150 Hz,uVrms,6.120
SSVLTH,SS,VLTH,3,125,AVDD,V,3.000
SSVLTH,SS,VLTH,3,125,Temperature,C,125.000
SSVLTH,SS,VLTH,3,125,LPF target gain,V/V,1.000
SSVLTH,SS,VLTH,3,125,FDC bias current,uA,37.873
SSVLTH,SS,VLTH,3,125,CMFB bias current,uA,37.873
SSVLTH,SS,VLTH,3,125,Total current,mA,1.581
SSVLTH,SS,VLTH,3,125,Total power,mW,4.743
SSVLTH,SS,VLTH,3,125,Output CM error,mV,12.629
SSVLTH,SS,VLTH,3,125,LPF input offset,mV,-0.000
SSVLTH,SS,VLTH,3,125,Passband gain,V/V,1.000
SSVLTH,SS,VLTH,3,125,Passband gain error,%,-0.035
SSVLTH,SS,VLTH,3,125,Loss @ 150 Hz,dB,0.475
SSVLTH,SS,VLTH,3,125,LPF -1 dB frequency,Hz,224.273
SSVLTH,SS,VLTH,3,125,LPF -3 dB frequency,Hz,439.377
SSVLTH,SS,VLTH,3,125,CMRR @ 60 Hz,dB,239.605
SSVLTH,SS,VLTH,3,125,CMRR @ 150 Hz,dB,237.443
SSVLTH,SS,VLTH,3,125,PSRR+ @ 60 Hz,dB,233.786
SSVLTH,SS,VLTH,3,125,PSRR+ @ 150 Hz,dB,189.146
SSVLTH,SS,VLTH,3,125,PSRR- @ 60 Hz,dB,224.473
SSVLTH,SS,VLTH,3,125,PSRR- @ 150 Hz,dB,219.936
SSVLTH,SS,VLTH,3,125,Input-referred noise 0.05-150 Hz,uVrms,7.029
SSVHTL,SS,VHTL,3.6,-40,AVDD,V,3.600
SSVHTL,SS,VHTL,3.6,-40,Temperature,C,-40.000
SSVHTL,SS,VHTL,3.6,-40,LPF target gain,V/V,1.000
SSVHTL,SS,VHTL,3.6,-40,FDC bias current,uA,32.138
SSVHTL,SS,VHTL,3.6,-40,CMFB bias current,uA,32.138
SSVHTL,SS,VHTL,3.6,-40,Total current,mA,1.161
SSVHTL,SS,VHTL,3.6,-40,Total power,mW,4.179
SSVHTL,SS,VHTL,3.6,-40,Output CM error,mV,-4.270
SSVHTL,SS,VHTL,3.6,-40,LPF input offset,mV,0.000
SSVHTL,SS,VHTL,3.6,-40,Passband gain,V/V,1.000
SSVHTL,SS,VHTL,3.6,-40,Passband gain error,%,-0.049
SSVHTL,SS,VHTL,3.6,-40,Loss @ 150 Hz,dB,0.762
SSVHTL,SS,VHTL,3.6,-40,LPF -1 dB frequency,Hz,174.135
SSVHTL,SS,VHTL,3.6,-40,LPF -3 dB frequency,Hz,340.986
SSVHTL,SS,VHTL,3.6,-40,CMRR @ 60 Hz,dB,224.968
SSVHTL,SS,VHTL,3.6,-40,CMRR @ 150 Hz,dB,221.676
SSVHTL,SS,VHTL,3.6,-40,PSRR+ @ 60 Hz,dB,224.003
SSVHTL,SS,VHTL,3.6,-40,PSRR+ @ 150 Hz,dB,223.816
SSVHTL,SS,VHTL,3.6,-40,PSRR- @ 60 Hz,dB,212.826
SSVHTL,SS,VHTL,3.6,-40,PSRR- @ 150 Hz,dB,214.757
SSVHTL,SS,VHTL,3.6,-40,Input-referred noise 0.05-150 Hz,uVrms,6.162
SSVHTH,SS,VHTH,3.6,125,AVDD,V,3.600
SSVHTH,SS,VHTH,3.6,125,Temperature,C,125.000
SSVHTH,SS,VHTH,3.6,125,LPF target gain,V/V,1.000
SSVHTH,SS,VHTH,3.6,125,FDC bias current,uA,38.945
SSVHTH,SS,VHTH,3.6,125,CMFB bias current,uA,38.945
SSVHTH,SS,VHTH,3.6,125,Total current,mA,1.645
SSVHTH,SS,VHTH,3.6,125,Total power,mW,5.923
SSVHTH,SS,VHTH,3.6,125,Output CM error,mV,12.659
SSVHTH,SS,VHTH,3.6,125,LPF input offset,mV,-0.000
SSVHTH,SS,VHTH,3.6,125,Passband gain,V/V,1.000
SSVHTH,SS,VHTH,3.6,125,Passband gain error,%,-0.033
SSVHTH,SS,VHTH,3.6,125,Loss @ 150 Hz,dB,0.475
SSVHTH,SS,VHTH,3.6,125,LPF -1 dB frequency,Hz,224.272
SSVHTH,SS,VHTH,3.6,125,LPF -3 dB frequency,Hz,439.376
SSVHTH,SS,VHTH,3.6,125,CMRR @ 60 Hz,dB,240.098
SSVHTH,SS,VHTH,3.6,125,CMRR @ 150 Hz,dB,245.409
SSVHTH,SS,VHTH,3.6,125,PSRR+ @ 60 Hz,dB,274.457
SSVHTH,SS,VHTH,3.6,125,PSRR+ @ 150 Hz,dB,189.261
SSVHTH,SS,VHTH,3.6,125,PSRR- @ 60 Hz,dB,231.268
SSVHTH,SS,VHTH,3.6,125,PSRR- @ 150 Hz,dB,228.111
SSVHTH,SS,VHTH,3.6,125,Input-referred noise 0.05-150 Hz,uVrms,7.036
FSNOMNOM,FS,NOMNOM,3.3,27,AVDD,V,3.300
FSNOMNOM,FS,NOMNOM,3.3,27,Temperature,C,27.000
FSNOMNOM,FS,NOMNOM,3.3,27,LPF target gain,V/V,1.000
FSNOMNOM,FS,NOMNOM,3.3,27,FDC bias current,uA,40.727
FSNOMNOM,FS,NOMNOM,3.3,27,CMFB bias current,uA,40.727
FSNOMNOM,FS,NOMNOM,3.3,27,Total current,mA,1.652
FSNOMNOM,FS,NOMNOM,3.3,27,Total power,mW,5.451
FSNOMNOM,FS,NOMNOM,3.3,27,Output CM error,mV,1.749
FSNOMNOM,FS,NOMNOM,3.3,27,LPF input offset,mV,-0.000
FSNOMNOM,FS,NOMNOM,3.3,27,Passband gain,V/V,1.000
FSNOMNOM,FS,NOMNOM,3.3,27,Passband gain error,%,-0.027
FSNOMNOM,FS,NOMNOM,3.3,27,Loss @ 150 Hz,dB,0.361
FSNOMNOM,FS,NOMNOM,3.3,27,LPF -1 dB frequency,Hz,258.691
FSNOMNOM,FS,NOMNOM,3.3,27,LPF -3 dB frequency,Hz,506.914
FSNOMNOM,FS,NOMNOM,3.3,27,CMRR @ 60 Hz,dB,247.019
FSNOMNOM,FS,NOMNOM,3.3,27,CMRR @ 150 Hz,dB,246.979
FSNOMNOM,FS,NOMNOM,3.3,27,PSRR+ @ 60 Hz,dB,191.774
FSNOMNOM,FS,NOMNOM,3.3,27,PSRR+ @ 150 Hz,dB,257.089
FSNOMNOM,FS,NOMNOM,3.3,27,PSRR- @ 60 Hz,dB,234.660
FSNOMNOM,FS,NOMNOM,3.3,27,PSRR- @ 150 Hz,dB,237.874
FSNOMNOM,FS,NOMNOM,3.3,27,Input-referred noise 0.05-150 Hz,uVrms,6.077
FSVLNOM,FS,VLNOM,3,27,AVDD,V,3.000
FSVLNOM,FS,VLNOM,3,27,Temperature,C,27.000
FSVLNOM,FS,VLNOM,3,27,LPF target gain,V/V,1.000
FSVLNOM,FS,VLNOM,3,27,FDC bias current,uA,40.040
FSVLNOM,FS,VLNOM,3,27,CMFB bias current,uA,40.040
FSVLNOM,FS,VLNOM,3,27,Total current,mA,1.611
FSVLNOM,FS,VLNOM,3,27,Total power,mW,4.833
FSVLNOM,FS,VLNOM,3,27,Output CM error,mV,1.694
FSVLNOM,FS,VLNOM,3,27,LPF input offset,mV,-0.000
FSVLNOM,FS,VLNOM,3,27,Passband gain,V/V,1.000
FSVLNOM,FS,VLNOM,3,27,Passband gain error,%,-0.028
FSVLNOM,FS,VLNOM,3,27,Loss @ 150 Hz,dB,0.361
FSVLNOM,FS,VLNOM,3,27,LPF -1 dB frequency,Hz,258.692
FSVLNOM,FS,VLNOM,3,27,LPF -3 dB frequency,Hz,506.914
FSVLNOM,FS,VLNOM,3,27,CMRR @ 60 Hz,dB,248.860
FSVLNOM,FS,VLNOM,3,27,CMRR @ 150 Hz,dB,248.816
FSVLNOM,FS,VLNOM,3,27,PSRR+ @ 60 Hz,dB,191.721
FSVLNOM,FS,VLNOM,3,27,PSRR+ @ 150 Hz,dB,238.783
FSVLNOM,FS,VLNOM,3,27,PSRR- @ 60 Hz,dB,226.579
FSVLNOM,FS,VLNOM,3,27,PSRR- @ 150 Hz,dB,233.865
FSVLNOM,FS,VLNOM,3,27,Input-referred noise 0.05-150 Hz,uVrms,6.067
FSVHNOM,FS,VHNOM,3.6,27,AVDD,V,3.600
FSVHNOM,FS,VHNOM,3.6,27,Temperature,C,27.000
FSVHNOM,FS,VHNOM,3.6,27,LPF target gain,V/V,1.000
FSVHNOM,FS,VHNOM,3.6,27,FDC bias current,uA,41.176
FSVHNOM,FS,VHNOM,3.6,27,CMFB bias current,uA,41.176
FSVHNOM,FS,VHNOM,3.6,27,Total current,mA,1.682
FSVHNOM,FS,VHNOM,3.6,27,Total power,mW,6.055
FSVHNOM,FS,VHNOM,3.6,27,Output CM error,mV,1.783
FSVHNOM,FS,VHNOM,3.6,27,LPF input offset,mV,-0.000
FSVHNOM,FS,VHNOM,3.6,27,Passband gain,V/V,1.000
FSVHNOM,FS,VHNOM,3.6,27,Passband gain error,%,-0.027
FSVHNOM,FS,VHNOM,3.6,27,Loss @ 150 Hz,dB,0.361
FSVHNOM,FS,VHNOM,3.6,27,LPF -1 dB frequency,Hz,258.691
FSVHNOM,FS,VHNOM,3.6,27,LPF -3 dB frequency,Hz,506.913
FSVHNOM,FS,VHNOM,3.6,27,CMRR @ 60 Hz,dB,245.499
FSVHNOM,FS,VHNOM,3.6,27,CMRR @ 150 Hz,dB,245.460
FSVHNOM,FS,VHNOM,3.6,27,PSRR+ @ 60 Hz,dB,191.860
FSVHNOM,FS,VHNOM,3.6,27,PSRR+ @ 150 Hz,dB,255.496
FSVHNOM,FS,VHNOM,3.6,27,PSRR- @ 60 Hz,dB,237.102
FSVHNOM,FS,VHNOM,3.6,27,PSRR- @ 150 Hz,dB,237.945
FSVHNOM,FS,VHNOM,3.6,27,Input-referred noise 0.05-150 Hz,uVrms,6.087
FSNOMTL,FS,NOMTL,3.3,-40,AVDD,V,3.300
FSNOMTL,FS,NOMTL,3.3,-40,Temperature,C,-40.000
FSNOMTL,FS,NOMTL,3.3,-40,LPF target gain,V/V,1.000
FSNOMTL,FS,NOMTL,3.3,-40,FDC bias current,uA,36.002
FSNOMTL,FS,NOMTL,3.3,-40,CMFB bias current,uA,36.002
FSNOMTL,FS,NOMTL,3.3,-40,Total current,mA,1.341
FSNOMTL,FS,NOMTL,3.3,-40,Total power,mW,4.424
FSNOMTL,FS,NOMTL,3.3,-40,Output CM error,mV,-5.145
FSNOMTL,FS,NOMTL,3.3,-40,LPF input offset,mV,0.000
FSNOMTL,FS,NOMTL,3.3,-40,Passband gain,V/V,1.000
FSNOMTL,FS,NOMTL,3.3,-40,Passband gain error,%,-0.032
FSNOMTL,FS,NOMTL,3.3,-40,Loss @ 150 Hz,dB,0.454
FSNOMTL,FS,NOMTL,3.3,-40,LPF -1 dB frequency,Hz,229.654
FSNOMTL,FS,NOMTL,3.3,-40,LPF -3 dB frequency,Hz,449.937
FSNOMTL,FS,NOMTL,3.3,-40,CMRR @ 60 Hz,dB,226.927
FSNOMTL,FS,NOMTL,3.3,-40,CMRR @ 150 Hz,dB,226.917
FSNOMTL,FS,NOMTL,3.3,-40,PSRR+ @ 60 Hz,dB,192.210
FSNOMTL,FS,NOMTL,3.3,-40,PSRR+ @ 150 Hz,dB,234.269
FSNOMTL,FS,NOMTL,3.3,-40,PSRR- @ 60 Hz,dB,213.477
FSNOMTL,FS,NOMTL,3.3,-40,PSRR- @ 150 Hz,dB,212.703
FSNOMTL,FS,NOMTL,3.3,-40,Input-referred noise 0.05-150 Hz,uVrms,5.808
FSNOMTH,FS,NOMTH,3.3,125,AVDD,V,3.300
FSNOMTH,FS,NOMTH,3.3,125,Temperature,C,125.000
FSNOMTH,FS,NOMTH,3.3,125,LPF target gain,V/V,1.000
FSNOMTH,FS,NOMTH,3.3,125,FDC bias current,uA,43.921
FSNOMTH,FS,NOMTH,3.3,125,CMFB bias current,uA,43.921
FSNOMTH,FS,NOMTH,3.3,125,Total current,mA,1.914
FSNOMTH,FS,NOMTH,3.3,125,Total power,mW,6.317
FSNOMTH,FS,NOMTH,3.3,125,Output CM error,mV,11.519
FSNOMTH,FS,NOMTH,3.3,125,LPF input offset,mV,0.000
FSNOMTH,FS,NOMTH,3.3,125,Passband gain,V/V,1.000
FSNOMTH,FS,NOMTH,3.3,125,Passband gain error,%,-0.023
FSNOMTH,FS,NOMTH,3.3,125,Loss @ 150 Hz,dB,0.279
FSNOMTH,FS,NOMTH,3.3,125,LPF -1 dB frequency,Hz,295.880
FSNOMTH,FS,NOMTH,3.3,125,LPF -3 dB frequency,Hz,579.849
FSNOMTH,FS,NOMTH,3.3,125,CMRR @ 60 Hz,dB,226.245
FSNOMTH,FS,NOMTH,3.3,125,CMRR @ 150 Hz,dB,226.236
FSNOMTH,FS,NOMTH,3.3,125,PSRR+ @ 60 Hz,dB,231.326
FSNOMTH,FS,NOMTH,3.3,125,PSRR+ @ 150 Hz,dB,190.444
FSNOMTH,FS,NOMTH,3.3,125,PSRR- @ 60 Hz,dB,218.873
FSNOMTH,FS,NOMTH,3.3,125,PSRR- @ 150 Hz,dB,219.300
FSNOMTH,FS,NOMTH,3.3,125,Input-referred noise 0.05-150 Hz,uVrms,6.605
FSVLTL,FS,VLTL,3,-40,AVDD,V,3.000
FSVLTL,FS,VLTL,3,-40,Temperature,C,-40.000
FSVLTL,FS,VLTL,3,-40,LPF target gain,V/V,1.000
FSVLTL,FS,VLTL,3,-40,FDC bias current,uA,35.417
FSVLTL,FS,VLTL,3,-40,CMFB bias current,uA,35.417
FSVLTL,FS,VLTL,3,-40,Total current,mA,1.306
FSVLTL,FS,VLTL,3,-40,Total power,mW,3.919
FSVLTL,FS,VLTL,3,-40,Output CM error,mV,-5.194
FSVLTL,FS,VLTL,3,-40,LPF input offset,mV,0.000
FSVLTL,FS,VLTL,3,-40,Passband gain,V/V,1.000
FSVLTL,FS,VLTL,3,-40,Passband gain error,%,-0.032
FSVLTL,FS,VLTL,3,-40,Loss @ 150 Hz,dB,0.454
FSVLTL,FS,VLTL,3,-40,LPF -1 dB frequency,Hz,229.654
FSVLTL,FS,VLTL,3,-40,LPF -3 dB frequency,Hz,449.938
FSVLTL,FS,VLTL,3,-40,CMRR @ 60 Hz,dB,233.653
FSVLTL,FS,VLTL,3,-40,CMRR @ 150 Hz,dB,227.233
FSVLTL,FS,VLTL,3,-40,PSRR+ @ 60 Hz,dB,220.672
FSVLTL,FS,VLTL,3,-40,PSRR+ @ 150 Hz,dB,192.257
FSVLTL,FS,VLTL,3,-40,PSRR- @ 60 Hz,dB,209.278
FSVLTL,FS,VLTL,3,-40,PSRR- @ 150 Hz,dB,208.888
FSVLTL,FS,VLTL,3,-40,Input-referred noise 0.05-150 Hz,uVrms,5.790
FSVLTH,FS,VLTH,3,125,AVDD,V,3.000
FSVLTH,FS,VLTH,3,125,Temperature,C,125.000
FSVLTH,FS,VLTH,3,125,LPF target gain,V/V,1.000
FSVLTH,FS,VLTH,3,125,FDC bias current,uA,43.195
FSVLTH,FS,VLTH,3,125,CMFB bias current,uA,43.195
FSVLTH,FS,VLTH,3,125,Total current,mA,1.870
FSVLTH,FS,VLTH,3,125,Total power,mW,5.611
FSVLTH,FS,VLTH,3,125,Output CM error,mV,11.441
FSVLTH,FS,VLTH,3,125,LPF input offset,mV,0.000
FSVLTH,FS,VLTH,3,125,Passband gain,V/V,1.000
FSVLTH,FS,VLTH,3,125,Passband gain error,%,-0.024
FSVLTH,FS,VLTH,3,125,Loss @ 150 Hz,dB,0.279
FSVLTH,FS,VLTH,3,125,LPF -1 dB frequency,Hz,295.880
FSVLTH,FS,VLTH,3,125,LPF -3 dB frequency,Hz,579.850
FSVLTH,FS,VLTH,3,125,CMRR @ 60 Hz,dB,247.718
FSVLTH,FS,VLTH,3,125,CMRR @ 150 Hz,dB,247.745
FSVLTH,FS,VLTH,3,125,PSRR+ @ 60 Hz,dB,235.022
FSVLTH,FS,VLTH,3,125,PSRR+ @ 150 Hz,dB,190.538
FSVLTH,FS,VLTH,3,125,PSRR- @ 60 Hz,dB,232.097
FSVLTH,FS,VLTH,3,125,PSRR- @ 150 Hz,dB,222.659
FSVLTH,FS,VLTH,3,125,Input-referred noise 0.05-150 Hz,uVrms,6.602
FSVHTL,FS,VHTL,3.6,-40,AVDD,V,3.600
FSVHTL,FS,VHTL,3.6,-40,Temperature,C,-40.000
FSVHTL,FS,VHTL,3.6,-40,LPF target gain,V/V,1.000
FSVHTL,FS,VHTL,3.6,-40,FDC bias current,uA,36.425
FSVHTL,FS,VHTL,3.6,-40,CMFB bias current,uA,36.425
FSVHTL,FS,VHTL,3.6,-40,Total current,mA,1.369
FSVHTL,FS,VHTL,3.6,-40,Total power,mW,4.928
FSVHTL,FS,VHTL,3.6,-40,Output CM error,mV,-5.106
FSVHTL,FS,VHTL,3.6,-40,LPF input offset,mV,0.000
FSVHTL,FS,VHTL,3.6,-40,Passband gain,V/V,1.000
FSVHTL,FS,VHTL,3.6,-40,Passband gain error,%,-0.031
FSVHTL,FS,VHTL,3.6,-40,Loss @ 150 Hz,dB,0.454
FSVHTL,FS,VHTL,3.6,-40,LPF -1 dB frequency,Hz,229.654
FSVHTL,FS,VHTL,3.6,-40,LPF -3 dB frequency,Hz,449.937
FSVHTL,FS,VHTL,3.6,-40,CMRR @ 60 Hz,dB,225.175
FSVHTL,FS,VHTL,3.6,-40,CMRR @ 150 Hz,dB,224.439
FSVHTL,FS,VHTL,3.6,-40,PSRR+ @ 60 Hz,dB,225.005
FSVHTL,FS,VHTL,3.6,-40,PSRR+ @ 150 Hz,dB,191.940
FSVHTL,FS,VHTL,3.6,-40,PSRR- @ 60 Hz,dB,215.001
FSVHTL,FS,VHTL,3.6,-40,PSRR- @ 150 Hz,dB,213.192
FSVHTL,FS,VHTL,3.6,-40,Input-referred noise 0.05-150 Hz,uVrms,5.824
FSVHTH,FS,VHTH,3.6,125,AVDD,V,3.600
FSVHTH,FS,VHTH,3.6,125,Temperature,C,125.000
FSVHTH,FS,VHTH,3.6,125,LPF target gain,V/V,1.000
FSVHTH,FS,VHTH,3.6,125,FDC bias current,uA,44.349
FSVHTH,FS,VHTH,3.6,125,CMFB bias current,uA,44.349
FSVHTH,FS,VHTH,3.6,125,Total current,mA,1.944
FSVHTH,FS,VHTH,3.6,125,Total power,mW,6.999
FSVHTH,FS,VHTH,3.6,125,Output CM error,mV,11.557
FSVHTH,FS,VHTH,3.6,125,LPF input offset,mV,-0.000
FSVHTH,FS,VHTH,3.6,125,Passband gain,V/V,1.000
FSVHTH,FS,VHTH,3.6,125,Passband gain error,%,-0.023
FSVHTH,FS,VHTH,3.6,125,Loss @ 150 Hz,dB,0.279
FSVHTH,FS,VHTH,3.6,125,LPF -1 dB frequency,Hz,295.880
FSVHTH,FS,VHTH,3.6,125,LPF -3 dB frequency,Hz,579.848
FSVHTH,FS,VHTH,3.6,125,CMRR @ 60 Hz,dB,260.688
FSVHTH,FS,VHTH,3.6,125,CMRR @ 150 Hz,dB,260.347
FSVHTH,FS,VHTH,3.6,125,PSRR+ @ 60 Hz,dB,284.435
FSVHTH,FS,VHTH,3.6,125,PSRR+ @ 150 Hz,dB,190.611
FSVHTH,FS,VHTH,3.6,125,PSRR- @ 60 Hz,dB,253.516
FSVHTH,FS,VHTH,3.6,125,PSRR- @ 150 Hz,dB,257.033
FSVHTH,FS,VHTH,3.6,125,Input-referred noise 0.05-150 Hz,uVrms,6.608
SFNOMNOM,SF,NOMNOM,3.3,27,AVDD,V,3.300
SFNOMNOM,SF,NOMNOM,3.3,27,Temperature,C,27.000
SFNOMNOM,SF,NOMNOM,3.3,27,LPF target gain,V/V,1.000
SFNOMNOM,SF,NOMNOM,3.3,27,FDC bias current,uA,39.434
SFNOMNOM,SF,NOMNOM,3.3,27,CMFB bias current,uA,39.434
SFNOMNOM,SF,NOMNOM,3.3,27,Total current,mA,1.556
SFNOMNOM,SF,NOMNOM,3.3,27,Total power,mW,5.133
SFNOMNOM,SF,NOMNOM,3.3,27,Output CM error,mV,-1.019
SFNOMNOM,SF,NOMNOM,3.3,27,LPF input offset,mV,-0.000
SFNOMNOM,SF,NOMNOM,3.3,27,Passband gain,V/V,1.000
SFNOMNOM,SF,NOMNOM,3.3,27,Passband gain error,%,-0.027
SFNOMNOM,SF,NOMNOM,3.3,27,Loss @ 150 Hz,dB,0.361
SFNOMNOM,SF,NOMNOM,3.3,27,LPF -1 dB frequency,Hz,258.690
SFNOMNOM,SF,NOMNOM,3.3,27,LPF -3 dB frequency,Hz,506.911
SFNOMNOM,SF,NOMNOM,3.3,27,CMRR @ 60 Hz,dB,243.716
SFNOMNOM,SF,NOMNOM,3.3,27,CMRR @ 150 Hz,dB,243.685
SFNOMNOM,SF,NOMNOM,3.3,27,PSRR+ @ 60 Hz,dB,191.298
SFNOMNOM,SF,NOMNOM,3.3,27,PSRR+ @ 150 Hz,dB,254.286
SFNOMNOM,SF,NOMNOM,3.3,27,PSRR- @ 60 Hz,dB,233.753
SFNOMNOM,SF,NOMNOM,3.3,27,PSRR- @ 150 Hz,dB,236.146
SFNOMNOM,SF,NOMNOM,3.3,27,Input-referred noise 0.05-150 Hz,uVrms,6.274
SFVLNOM,SF,VLNOM,3,27,AVDD,V,3.000
SFVLNOM,SF,VLNOM,3,27,Temperature,C,27.000
SFVLNOM,SF,VLNOM,3,27,LPF target gain,V/V,1.000
SFVLNOM,SF,VLNOM,3,27,FDC bias current,uA,38.815
SFVLNOM,SF,VLNOM,3,27,CMFB bias current,uA,38.815
SFVLNOM,SF,VLNOM,3,27,Total current,mA,1.520
SFVLNOM,SF,VLNOM,3,27,Total power,mW,4.560
SFVLNOM,SF,VLNOM,3,27,Output CM error,mV,-1.020
SFVLNOM,SF,VLNOM,3,27,LPF input offset,mV,-0.000
SFVLNOM,SF,VLNOM,3,27,Passband gain,V/V,1.000
SFVLNOM,SF,VLNOM,3,27,Passband gain error,%,-0.027
SFVLNOM,SF,VLNOM,3,27,Loss @ 150 Hz,dB,0.361
SFVLNOM,SF,VLNOM,3,27,LPF -1 dB frequency,Hz,258.690
SFVLNOM,SF,VLNOM,3,27,LPF -3 dB frequency,Hz,506.912
SFVLNOM,SF,VLNOM,3,27,CMRR @ 60 Hz,dB,244.535
SFVLNOM,SF,VLNOM,3,27,CMRR @ 150 Hz,dB,244.513
SFVLNOM,SF,VLNOM,3,27,PSRR+ @ 60 Hz,dB,191.223
SFVLNOM,SF,VLNOM,3,27,PSRR+ @ 150 Hz,dB,238.444
SFVLNOM,SF,VLNOM,3,27,PSRR- @ 60 Hz,dB,227.499
SFVLNOM,SF,VLNOM,3,27,PSRR- @ 150 Hz,dB,232.413
SFVLNOM,SF,VLNOM,3,27,Input-referred noise 0.05-150 Hz,uVrms,6.261
SFVHNOM,SF,VHNOM,3.6,27,AVDD,V,3.600
SFVHNOM,SF,VHNOM,3.6,27,Temperature,C,27.000
SFVHNOM,SF,VHNOM,3.6,27,LPF target gain,V/V,1.000
SFVHNOM,SF,VHNOM,3.6,27,FDC bias current,uA,39.863
SFVHNOM,SF,VHNOM,3.6,27,CMFB bias current,uA,39.863
SFVHNOM,SF,VHNOM,3.6,27,Total current,mA,1.583
SFVHNOM,SF,VHNOM,3.6,27,Total power,mW,5.700
SFVHNOM,SF,VHNOM,3.6,27,Output CM error,mV,-1.018
SFVHNOM,SF,VHNOM,3.6,27,LPF input offset,mV,0.000
SFVHNOM,SF,VHNOM,3.6,27,Passband gain,V/V,1.000
SFVHNOM,SF,VHNOM,3.6,27,Passband gain error,%,-0.026
SFVHNOM,SF,VHNOM,3.6,27,Loss @ 150 Hz,dB,0.361
SFVHNOM,SF,VHNOM,3.6,27,LPF -1 dB frequency,Hz,258.690
SFVHNOM,SF,VHNOM,3.6,27,LPF -3 dB frequency,Hz,506.911
SFVHNOM,SF,VHNOM,3.6,27,CMRR @ 60 Hz,dB,242.882
SFVHNOM,SF,VHNOM,3.6,27,CMRR @ 150 Hz,dB,242.860
SFVHNOM,SF,VHNOM,3.6,27,PSRR+ @ 60 Hz,dB,191.387
SFVHNOM,SF,VHNOM,3.6,27,PSRR+ @ 150 Hz,dB,252.639
SFVHNOM,SF,VHNOM,3.6,27,PSRR- @ 60 Hz,dB,235.334
SFVHNOM,SF,VHNOM,3.6,27,PSRR- @ 150 Hz,dB,235.428
SFVHNOM,SF,VHNOM,3.6,27,Input-referred noise 0.05-150 Hz,uVrms,6.287
SFNOMTL,SF,NOMTL,3.3,-40,AVDD,V,3.300
SFNOMTL,SF,NOMTL,3.3,-40,Temperature,C,-40.000
SFNOMTL,SF,NOMTL,3.3,-40,LPF target gain,V/V,1.000
SFNOMTL,SF,NOMTL,3.3,-40,FDC bias current,uA,34.844
SFNOMTL,SF,NOMTL,3.3,-40,CMFB bias current,uA,34.844
SFNOMTL,SF,NOMTL,3.3,-40,Total current,mA,1.263
SFNOMTL,SF,NOMTL,3.3,-40,Total power,mW,4.167
SFNOMTL,SF,NOMTL,3.3,-40,Output CM error,mV,-8.402
SFNOMTL,SF,NOMTL,3.3,-40,LPF input offset,mV,0.000
SFNOMTL,SF,NOMTL,3.3,-40,Passband gain,V/V,1.000
SFNOMTL,SF,NOMTL,3.3,-40,Passband gain error,%,-0.031
SFNOMTL,SF,NOMTL,3.3,-40,Loss @ 150 Hz,dB,0.454
SFNOMTL,SF,NOMTL,3.3,-40,LPF -1 dB frequency,Hz,229.653
SFNOMTL,SF,NOMTL,3.3,-40,LPF -3 dB frequency,Hz,449.935
SFNOMTL,SF,NOMTL,3.3,-40,CMRR @ 60 Hz,dB,223.454
SFNOMTL,SF,NOMTL,3.3,-40,CMRR @ 150 Hz,dB,221.495
SFNOMTL,SF,NOMTL,3.3,-40,PSRR+ @ 60 Hz,dB,234.904
SFNOMTL,SF,NOMTL,3.3,-40,PSRR+ @ 150 Hz,dB,191.509
SFNOMTL,SF,NOMTL,3.3,-40,PSRR- @ 60 Hz,dB,211.589
SFNOMTL,SF,NOMTL,3.3,-40,PSRR- @ 150 Hz,dB,214.563
SFNOMTL,SF,NOMTL,3.3,-40,Input-referred noise 0.05-150 Hz,uVrms,5.983
SFNOMTH,SF,NOMTH,3.3,125,AVDD,V,3.300
SFNOMTH,SF,NOMTH,3.3,125,Temperature,C,125.000
SFNOMTH,SF,NOMTH,3.3,125,LPF target gain,V/V,1.000
SFNOMTH,SF,NOMTH,3.3,125,FDC bias current,uA,42.617
SFNOMTH,SF,NOMTH,3.3,125,CMFB bias current,uA,42.617
SFNOMTH,SF,NOMTH,3.3,125,Total current,mA,1.808
SFNOMTH,SF,NOMTH,3.3,125,Total power,mW,5.965
SFNOMTH,SF,NOMTH,3.3,125,Output CM error,mV,9.528
SFNOMTH,SF,NOMTH,3.3,125,LPF input offset,mV,-0.000
SFNOMTH,SF,NOMTH,3.3,125,Passband gain,V/V,1.000
SFNOMTH,SF,NOMTH,3.3,125,Passband gain error,%,-0.023
SFNOMTH,SF,NOMTH,3.3,125,Loss @ 150 Hz,dB,0.279
SFNOMTH,SF,NOMTH,3.3,125,LPF -1 dB frequency,Hz,295.878
SFNOMTH,SF,NOMTH,3.3,125,LPF -3 dB frequency,Hz,579.846
SFNOMTH,SF,NOMTH,3.3,125,CMRR @ 60 Hz,dB,243.573
SFNOMTH,SF,NOMTH,3.3,125,CMRR @ 150 Hz,dB,243.600
SFNOMTH,SF,NOMTH,3.3,125,PSRR+ @ 60 Hz,dB,251.758
SFNOMTH,SF,NOMTH,3.3,125,PSRR+ @ 150 Hz,dB,190.064
SFNOMTH,SF,NOMTH,3.3,125,PSRR- @ 60 Hz,dB,237.792
SFNOMTH,SF,NOMTH,3.3,125,PSRR- @ 150 Hz,dB,235.559
SFNOMTH,SF,NOMTH,3.3,125,Input-referred noise 0.05-150 Hz,uVrms,6.827
SFVLTL,SF,VLTL,3,-40,AVDD,V,3.000
SFVLTL,SF,VLTL,3,-40,Temperature,C,-40.000
SFVLTL,SF,VLTL,3,-40,LPF target gain,V/V,1.000
SFVLTL,SF,VLTL,3,-40,FDC bias current,uA,34.265
SFVLTL,SF,VLTL,3,-40,CMFB bias current,uA,34.265
SFVLTL,SF,VLTL,3,-40,Total current,mA,1.230
SFVLTL,SF,VLTL,3,-40,Total power,mW,3.691
SFVLTL,SF,VLTL,3,-40,Output CM error,mV,-8.421
SFVLTL,SF,VLTL,3,-40,LPF input offset,mV,0.000
SFVLTL,SF,VLTL,3,-40,Passband gain,V/V,1.000
SFVLTL,SF,VLTL,3,-40,Passband gain error,%,-0.032
SFVLTL,SF,VLTL,3,-40,Loss @ 150 Hz,dB,0.454
SFVLTL,SF,VLTL,3,-40,LPF -1 dB frequency,Hz,229.653
SFVLTL,SF,VLTL,3,-40,LPF -3 dB frequency,Hz,449.936
SFVLTL,SF,VLTL,3,-40,CMRR @ 60 Hz,dB,221.201
SFVLTL,SF,VLTL,3,-40,CMRR @ 150 Hz,dB,224.718
SFVLTL,SF,VLTL,3,-40,PSRR+ @ 60 Hz,dB,218.028
SFVLTL,SF,VLTL,3,-40,PSRR+ @ 150 Hz,dB,191.879
SFVLTL,SF,VLTL,3,-40,PSRR- @ 60 Hz,dB,209.314
SFVLTL,SF,VLTL,3,-40,PSRR- @ 150 Hz,dB,208.985
SFVLTL,SF,VLTL,3,-40,Input-referred noise 0.05-150 Hz,uVrms,5.961
SFVLTH,SF,VLTH,3,125,AVDD,V,3.000
SFVLTH,SF,VLTH,3,125,Temperature,C,125.000
SFVLTH,SF,VLTH,3,125,LPF target gain,V/V,1.000
SFVLTH,SF,VLTH,3,125,FDC bias current,uA,42.051
SFVLTH,SF,VLTH,3,125,CMFB bias current,uA,42.051
SFVLTH,SF,VLTH,3,125,Total current,mA,1.773
SFVLTH,SF,VLTH,3,125,Total power,mW,5.319
SFVLTH,SF,VLTH,3,125,Output CM error,mV,9.545
SFVLTH,SF,VLTH,3,125,LPF input offset,mV,-0.000
SFVLTH,SF,VLTH,3,125,Passband gain,V/V,1.000
SFVLTH,SF,VLTH,3,125,Passband gain error,%,-0.023
SFVLTH,SF,VLTH,3,125,Loss @ 150 Hz,dB,0.279
SFVLTH,SF,VLTH,3,125,LPF -1 dB frequency,Hz,295.879
SFVLTH,SF,VLTH,3,125,LPF -3 dB frequency,Hz,579.847
SFVLTH,SF,VLTH,3,125,CMRR @ 60 Hz,dB,244.452
SFVLTH,SF,VLTH,3,125,CMRR @ 150 Hz,dB,244.477
SFVLTH,SF,VLTH,3,125,PSRR+ @ 60 Hz,dB,240.489
SFVLTH,SF,VLTH,3,125,PSRR+ @ 150 Hz,dB,189.984
SFVLTH,SF,VLTH,3,125,PSRR- @ 60 Hz,dB,234.908
SFVLTH,SF,VLTH,3,125,PSRR- @ 150 Hz,dB,228.837
SFVLTH,SF,VLTH,3,125,Input-referred noise 0.05-150 Hz,uVrms,6.822
SFVHTL,SF,VHTL,3.6,-40,AVDD,V,3.600
SFVHTL,SF,VHTL,3.6,-40,Temperature,C,-40.000
SFVHTL,SF,VHTL,3.6,-40,LPF target gain,V/V,1.000
SFVHTL,SF,VHTL,3.6,-40,FDC bias current,uA,35.258
SFVHTL,SF,VHTL,3.6,-40,CMFB bias current,uA,35.258
SFVHTL,SF,VHTL,3.6,-40,Total current,mA,1.289
SFVHTL,SF,VHTL,3.6,-40,Total power,mW,4.640
SFVHTL,SF,VHTL,3.6,-40,Output CM error,mV,-8.382
SFVHTL,SF,VHTL,3.6,-40,LPF input offset,mV,0.000
SFVHTL,SF,VHTL,3.6,-40,Passband gain,V/V,1.000
SFVHTL,SF,VHTL,3.6,-40,Passband gain error,%,-0.031
SFVHTL,SF,VHTL,3.6,-40,Loss @ 150 Hz,dB,0.454
SFVHTL,SF,VHTL,3.6,-40,LPF -1 dB frequency,Hz,229.653
SFVHTL,SF,VHTL,3.6,-40,LPF -3 dB frequency,Hz,449.935
SFVHTL,SF,VHTL,3.6,-40,CMRR @ 60 Hz,dB,222.722
SFVHTL,SF,VHTL,3.6,-40,CMRR @ 150 Hz,dB,222.267
SFVHTL,SF,VHTL,3.6,-40,PSRR+ @ 60 Hz,dB,224.101
SFVHTL,SF,VHTL,3.6,-40,PSRR+ @ 150 Hz,dB,191.465
SFVHTL,SF,VHTL,3.6,-40,PSRR- @ 60 Hz,dB,215.156
SFVHTL,SF,VHTL,3.6,-40,PSRR- @ 150 Hz,dB,214.990
SFVHTL,SF,VHTL,3.6,-40,Input-referred noise 0.05-150 Hz,uVrms,6.002
SFVHTH,SF,VHTH,3.6,125,AVDD,V,3.600
SFVHTH,SF,VHTH,3.6,125,Temperature,C,125.000
SFVHTH,SF,VHTH,3.6,125,LPF target gain,V/V,1.000
SFVHTH,SF,VHTH,3.6,125,FDC bias current,uA,43.015
SFVHTH,SF,VHTH,3.6,125,CMFB bias current,uA,43.015
SFVHTH,SF,VHTH,3.6,125,Total current,mA,1.835
SFVHTH,SF,VHTH,3.6,125,Total power,mW,6.605
SFVHTH,SF,VHTH,3.6,125,Output CM error,mV,9.514
SFVHTH,SF,VHTH,3.6,125,LPF input offset,mV,-0.000
SFVHTH,SF,VHTH,3.6,125,Passband gain,V/V,1.000
SFVHTH,SF,VHTH,3.6,125,Passband gain error,%,-0.022
SFVHTH,SF,VHTH,3.6,125,Loss @ 150 Hz,dB,0.279
SFVHTH,SF,VHTH,3.6,125,LPF -1 dB frequency,Hz,295.878
SFVHTH,SF,VHTH,3.6,125,LPF -3 dB frequency,Hz,579.846
SFVHTH,SF,VHTH,3.6,125,CMRR @ 60 Hz,dB,224.124
SFVHTH,SF,VHTH,3.6,125,CMRR @ 150 Hz,dB,224.114
SFVHTH,SF,VHTH,3.6,125,PSRR+ @ 60 Hz,dB,260.833
SFVHTH,SF,VHTH,3.6,125,PSRR+ @ 150 Hz,dB,190.152
SFVHTH,SF,VHTH,3.6,125,PSRR- @ 60 Hz,dB,219.632
SFVHTH,SF,VHTH,3.6,125,PSRR- @ 150 Hz,dB,219.546
SFVHTH,SF,VHTH,3.6,125,Input-referred noise 0.05-150 Hz,uVrms,6.831
